event_id,ticker,event_date,topic,topic_detail,severity_score,CAR_-3_-1,CAR_-1_3,CAR_1_60,pre_event_volatility,regression_inclusion_status
A_000000000016092800,A,2016-09-14,routine_other,routine_disclosure,-0.5955592894760546,-0.02074402121755925,-0.008837896058644712,-0.03125044004767907,0.013942042209332196,included
ABBV_000000000018013671,ABBV,2018-05-02,accounting_financial_reporting,controls_accounting,-0.6420826602302503,0.05330551125913696,0.023947221394890472,-0.1570317999747748,0.020600815855463923,included
ABBV_000000000020009552,ABBV,2020-10-09,accounting_financial_reporting,controls_accounting,2.402751473954108,-0.018413783945659845,-0.019019865909845723,0.12718633565095316,0.025861382684517625,included
ABBV_000000000022010309,ABBV,2022-09-20,accounting_financial_reporting,controls_accounting,-1.3263762383027338,0.033596471378831705,0.03965937849675294,0.12206796535443798,0.014996748799637014,included
ADM_000000000017044885,ADM,2017-12-22,routine_other,routine_disclosure,-0.8478554505941633,-0.0008938927997131918,0.0068572834144844386,0.06239830807872859,0.010317948157494228,included
ADM_000000000020007987,ADM,2020-08-25,accounting_financial_reporting,impairment_fair_value,0.540689919111737,-0.007702329203267522,-0.0024649973874101283,0.07956630412628352,0.03322170636304464,included
ADM_000000000021013296,ADM,2021-11-02,routine_other,routine_disclosure,-1.4311029466913827,-0.027654645314087234,-0.015762287838352096,0.23056315809475714,0.01200062972275626,included
ADM_000000000024005934,ADM,2024-05-22,accounting_financial_reporting,controls_accounting,3.8848369526852133,-0.010155376985244713,0.001031116208245808,-0.09131057937850262,0.026828499947207225,included
ADSK_000000000017022741,ADSK,2017-06-28,routine_other,routine_disclosure,-0.7800211053878794,-0.029993954378798704,-0.06042296907784439,0.04569420319295592,0.017047770955705654,included
ADSK_000000000018024031,ADSK,2018-08-03,revenue_non_gaap,revenue,2.272917484457938,0.024116298210830944,0.03770128817289142,0.02926312133492326,0.02250176502138205,included
AFL_000000000016074172,AFL,2016-04-28,accounting_financial_reporting,controls_accounting,2.061693473273727,0.018769541314545557,0.027537478125506887,0.018014488927609262,0.012467219325473549,included
AFL_000000000017014838,AFL,2017-04-28,accounting_financial_reporting,controls_accounting,-1.4382434040815177,-0.0006637243512551683,-0.0008150810133062958,0.0050128100676004594,0.008891230637067966,included
AFL_000000000023008707,AFL,2023-08-10,routine_other,other,-1.6958803883016071,-0.012836339855771262,-0.004085110860093888,0.11093701454913063,0.014407055888488545,included
AJG_000000000016075772,AJG,2016-05-10,accounting_financial_reporting,controls_accounting,-0.7919218677047712,-0.007479372718469546,0.008423297465259827,-0.009015772157256574,0.011736084131645062,included
AJG_000000000016102009,AJG,2016-11-22,routine_other,other,-1.6804093972896474,0.0002248897867301869,-0.014772546895370775,0.025754962920837676,0.010473871662107608,included
AJG_000000000022012653,AJG,2022-11-22,routine_other,other,-1.6958803883016071,0.0348111437458678,0.011015461638884227,-0.05537075779311029,0.017528091785014535,included
AJG_000000000024002978,AJG,2024-03-19,accounting_financial_reporting,controls_accounting,-1.9110398885920077,-0.0037122123710234822,-0.048347243637385295,-0.019407495745438985,0.012084367929475526,included
AJG_000000000024010451,AJG,2024-09-16,routine_other,routine_disclosure,-2.7411032851057966,-0.028578480440781484,-0.07025588657094417,-0.12020096094481092,0.010384367190767203,included
ALL_000000000017014470,ALL,2017-04-26,accounting_financial_reporting,controls_accounting,0.48558643456664285,-0.00024004909419139686,0.0010941704831327614,0.05159951404718732,0.007700208882830017,included
ALL_000000000018011843,ALL,2018-04-18,accounting_financial_reporting,controls_accounting,0.3295763056458435,-0.00562040563970545,0.013766436792890024,-0.08409182426289463,0.011823516298377561,included
ALL_000000000021003670,ALL,2021-03-26,accounting_financial_reporting,controls_accounting,-0.9546023335587992,0.02927553382228587,-0.004227363040984811,0.04172928613518401,0.01273759071800973,included
AMT_000000000016074877,AMT,2016-05-04,mda_liquidity,mda_liquidity,-1.1137125707177598,0.00656825638748515,0.02093533141574011,0.0355192271840743,0.015137254355420718,included
AMT_000000000018008426,AMT,2018-03-19,mda_liquidity,mda_liquidity,-1.3287563907661122,0.007187948195220062,0.012997186728742616,-0.08264744281495029,0.011814892517549854,included
AMT_000000000023002236,AMT,2023-03-07,accounting_financial_reporting,impairment_fair_value,-1.4346731753864503,-0.005208589225092153,-0.010050837103236399,-0.07615780202711642,0.020577256308229666,included
AON_000000000017045347,AON,2017-12-29,routine_other,routine_disclosure,1.680398958676279,0.007408501859420102,-0.0044317537068792046,0.06562062791956624,0.008456043874654684,included
AON_000000000018025493,AON,2018-08-16,revenue_non_gaap,revenue,-1.0664694993375834,0.0003512206784249683,0.016117929471194836,0.16319713515311696,0.011036630467455767,included
AON_000000000019006947,AON,2019-04-10,routine_other,routine_disclosure,-2.7411032851057966,-0.0036008145751403875,0.014182574127813652,0.09799159685078418,0.013401036476794628,included
AON_000000000020004858,AON,2020-06-01,routine_other,routine_disclosure,-0.3311365432294906,-0.007698703909475579,-0.030684808002167552,-0.13838619472271985,0.030870010392962246,included
AON_000000000022013878,AON,2022-12-23,accounting_financial_reporting,controls_accounting,-0.08980644118699349,0.00849370723250531,0.008181397194635953,-0.01940776967117508,0.01679884532011657,included
AON_000000000024003147,AON,2024-03-22,accounting_financial_reporting,controls_accounting,-0.3880161598540306,0.002842950060603977,0.018294929992805242,-0.13688687334428906,0.012889901478492333,included
APP_000000000020012628,APP,2020-12-31,accounting_financial_reporting,controls_accounting,10.661122957777607,,-0.05055482511002951,0.12140328570549486,,excluded_missing_required_field
APP_000000000021013958,APP,2021-11-17,accounting_financial_reporting,controls_accounting,-1.1622561160479425,-0.057965256868787174,-0.06884097371052877,-0.28878893342041,0.03991079707060014,included
AVY_000000000018009394,AVY,2018-03-28,routine_other,routine_disclosure,-1.2204594536823956,-0.002222117131997381,0.005126899468554824,-0.09033301043316255,0.012368160709195225,included
AVY_000000000023003698,AVY,2023-04-13,revenue_non_gaap,non_gaap,-0.8398848948597303,0.004619181464584177,-0.004355855418296639,-0.07385315026453243,0.0204780744787835,included
BBY_000000000016088191,BBY,2016-08-10,revenue_non_gaap,non_gaap,0.8666548712037254,-0.004463314403530094,0.006583288830647405,0.18608440132716642,0.02272010926965748,included
BKR_000000000017014455,BKR,2017-04-26,business_structure,business_combinations,7.539879902268598,-0.016489337138299698,0.011638158427920264,-0.22018587657117694,0.01771050447661482,included
BKR_000000000018030596,BKR,2018-09-27,accounting_financial_reporting,controls_accounting,-1.4866765516933833,0.0350595014404006,-0.03930447222610167,-0.2751681023304984,0.01899312717759793,included
BKR_000000000024008308,BKR,2024-07-23,accounting_financial_reporting,controls_accounting,1.8534301327281186,-0.00985148267032765,0.056762036692966644,-0.009109228086614629,0.014382349404198998,included
BRK-B_000000000016092092,BRK-B,2016-09-09,accounting_financial_reporting,impairment_fair_value,-1.028027082036138,-0.0068854602380623575,0.001418164763340446,0.049294602239079666,0.00937553707587935,included
BRK-B_000000000017008779,BRK-B,2017-03-16,accounting_financial_reporting,tax_debt_equity,1.8281025664815669,-0.007094932104113272,-0.021402893016749913,-0.04458318978283282,0.008093551944133134,included
BRK-B_000000000019008277,BRK-B,2019-05-09,accounting_financial_reporting,impairment_fair_value,-1.1764266331098956,-0.02084882018435441,-0.01209593738532122,-0.04812032077732509,0.015248519172809857,included
BRK-B_000000000021008029,BRK-B,2021-06-29,accounting_financial_reporting,impairment_fair_value,-1.3858800498871933,-0.004329662481374008,-0.013841060589752874,-0.031066051997803656,0.010807203789671028,included
BRK-B_000000000022009598,BRK-B,2022-09-02,accounting_financial_reporting,controls_accounting,-1.2505713373620169,-0.001995119540005086,-0.003987234191459521,0.1147740723965941,0.013872185182363468,included
BRK-B_000000000023008134,BRK-B,2023-07-28,routine_other,routine_disclosure,-1.4418136327765854,0.0028690526219182777,0.015699722448068942,0.04210688524855488,0.009991472963045207,included
BRK-B_000000000024009131,BRK-B,2024-08-09,accounting_financial_reporting,controls_accounting,-1.233550292230977,0.016844231067288273,-0.02102392122574348,-0.044918885438762546,0.007451264040488304,included
BSX_000000000016070496,BSX,2016-03-31,revenue_non_gaap,non_gaap,-0.9637629655249216,0.03473185339644602,0.03796262187667987,0.18625301646055337,0.02025775916254937,included
BSX_000000000016094201,BSX,2016-09-23,accounting_financial_reporting,controls_accounting,0.5947134699946572,-0.008082774215652955,-0.0030477584689709847,-0.1438071226624824,0.014735726156531409,included
BXP_000000000017016099,BXP,2017-05-08,mda_liquidity,mda_liquidity,-1.422412435182167,-0.027297047997456136,-0.019895923281149752,-0.042987602139461956,0.012308387233798547,included
BXP_000000000018024571,BXP,2018-08-08,mda_liquidity,mda_liquidity,-0.9775737598482852,-0.004750075714599067,0.008327802446671972,-0.030402034527596378,0.013442772682983613,included
BXP_000000000022009471,BXP,2022-08-31,accounting_financial_reporting,controls_accounting,-1.2112988217162735,-0.0005464742816704282,0.03730689686899846,-0.10761984447236939,0.018920003394372605,included
BXP_000000000024009655,BXP,2024-08-23,accounting_financial_reporting,controls_accounting,-1.5235689148757483,0.0004143009515332752,0.05599299310403805,0.038290951232872406,0.021014399169702932,included
C_000000000016082386,C,2016-06-28,accounting_financial_reporting,controls_accounting,2.451928334698267,-0.05622640269483192,0.015637795778914887,0.08809197492865661,0.022627586061974472,included
C_000000000017009750,C,2017-03-24,accounting_financial_reporting,tax_debt_equity,-0.8236942032217902,-0.014262758661571229,0.02245867571196336,0.05843072233837965,0.012846752838879196,included
C_000000000018014255,C,2018-05-08,routine_other,other,-1.6994506169966748,-0.0018866351862044661,0.04528115056300397,-0.045169883152227475,0.013107076169034572,included
C_000000000019012201,C,2019-08-08,accounting_financial_reporting,tax_debt_equity,-1.0716999247212466,-0.02082096905763242,-0.037527494587260346,0.06890432561894855,0.015774935760442754,included
C_000000000020008961,C,2020-09-23,accounting_financial_reporting,controls_accounting,3.2407854262023297,-0.03755720755135705,-0.03475923373822132,0.2458197122710395,0.05708367602053583,included
C_000000000022004745,C,2022-05-02,accounting_financial_reporting,controls_accounting,0.6256554520185762,-0.02144766618349847,0.06899286959665829,0.10120605216171175,0.015349775425963533,included
C_000000000024006685,C,2024-06-11,mda_liquidity,mda_liquidity,0.878781456332181,-0.007351626817990176,-0.055842207623899465,0.006747060071507938,0.014076097644181577,included
CARR_000000000019013211,CARR,2019-09-05,accounting_financial_reporting,controls_accounting,7.500518150014146,,0.09412442670464682,0.34333139744897023,,excluded_missing_required_field
CARR_000000000024006263,CARR,2024-05-31,mda_liquidity,mda_liquidity,-1.0739699346151097,-0.022450480736347478,-0.013974927452216512,0.07225839750388685,0.01660866726536184,included
CARR_000000000025008021,CARR,2025-07-30,routine_other,other,-1.7077811506184988,-0.09804603836894132,-0.170007953292987,-0.22972354271916706,0.023481012034642406,included
CASY_000000000023001432,CASY,2023-02-10,mda_liquidity,mda_liquidity,0.9943292485243497,-0.012173172076173522,-0.013693888943386856,0.040708723499499166,0.015513767506529937,included
CASY_000000000024002104,CASY,2024-02-26,mda_liquidity,mda_liquidity,-0.9712634008024479,0.016427319237119486,0.03223017225712044,0.07171608934637752,0.014856137964562692,included
CAT_000000000017022437,CAT,2017-06-27,accounting_financial_reporting,tax_debt_equity,1.952926415733104,0.006122031426687213,0.037513560870429785,0.15541011220867185,0.014878591499296304,included
CAT_000000000022010513,CAT,2022-09-23,mda_liquidity,mda_liquidity,-0.0034009967305890787,-0.027377444471340828,-0.0054360564391696675,0.32163833982224976,0.022735282578041232,included
CAT_000000000024002665,CAT,2024-03-11,accounting_financial_reporting,controls_accounting,-0.8613062670301357,0.0079532482885043,0.004819554501972578,-0.053820792214906654,0.016230471589354957,included
CB_000000000016084378,CB,2016-07-14,accounting_financial_reporting,controls_accounting,1.3545679065113165,-0.01634280010228162,-0.012023226489712657,-0.03685244371590801,0.012115076557466803,included
CB_000000000017027038,CB,2017-08-01,mda_liquidity,mda_liquidity,2.3067390344321854,0.020489042068613905,0.028252647487173932,0.011856611477567336,0.0063431521062595414,included
CB_000000000019007690,CB,2019-04-29,accounting_financial_reporting,controls_accounting,-1.2070086372464233,0.02946313623176755,0.02139261075032839,0.02921407653742547,0.012626530147960594,included
CB_000000000022009599,CB,2022-09-02,accounting_financial_reporting,controls_accounting,-1.2434308799718816,0.015553668733450654,0.01855810400879987,0.1190473230957182,0.015394274649557999,included
CCI_000000000017015547,CCI,2017-05-03,revenue_non_gaap,non_gaap,-1.5426101345827754,-0.007776933792384089,0.0030718923939551113,0.03981003265839089,0.012225631226569413,included
CCI_000000000024002292,CCI,2024-02-29,business_structure,business_combinations,13.403189644119825,0.0027311549750608233,0.05470967504383928,-0.13977410976336846,0.016517171351713097,included
CCI_000000000025005508,CCI,2025-05-22,accounting_financial_reporting,impairment_fair_value,-1.3771895383779778,0.011384080210135039,-0.023840971066174554,-0.05676295559579092,0.019081954311385527,included
CDNS_000000000023011586,CDNS,2023-10-23,accounting_financial_reporting,controls_accounting,-1.202968288094449,-0.01172079213217092,-0.027914299606982218,0.061894878318566104,0.01779162130196329,included
CEG_000000000021010325,CEG,2021-08-23,accounting_financial_reporting,controls_accounting,10.1071334896582,,0.04012587948768809,0.3858590237342905,,excluded_missing_required_field
CHRW_000000000020011939,CHRW,2020-12-14,revenue_non_gaap,non_gaap,-1.234740368462666,0.0045436858418091974,-0.013728124079027126,-0.02615070057569613,0.019935300157746933,included
CIEN_000000000016069477,CIEN,2016-03-23,mda_liquidity,mda_liquidity,-0.8430951456674065,0.04473430408762291,0.03530944423173099,0.11658788978295143,0.027737864942414224,included
CIEN_000000000017024065,CIEN,2017-07-10,accounting_financial_reporting,controls_accounting,0.8312021644221239,0.016084224835771432,0.018307063926830347,-0.1843575767231559,0.02291069513933973,included
CIEN_000000000018004375,CIEN,2018-02-08,accounting_financial_reporting,controls_accounting,-1.4700154844497348,0.041710914450137304,0.009691011558546458,0.1395287096297636,0.01924086575723316,included
CIEN_000000000020003316,CIEN,2020-04-16,accounting_financial_reporting,controls_accounting,-1.1295435396171105,-0.03715217469211518,0.011841563189560755,0.046013744805386336,0.02536406974250468,included
COF_000000000020012214,COF,2020-12-18,revenue_non_gaap,non_gaap,-1.0732499788403271,0.019368089828604385,0.03806068657975481,0.29424202932693444,0.03313028661126593,included
COF_000000000022010286,COF,2022-09-20,accounting_financial_reporting,controls_accounting,-1.3204258571442877,0.029551770456192283,-0.03329579444099351,-0.06122025790967345,0.027039760037773003,included
COF_000000000023014108,COF,2023-12-27,mda_liquidity,mda_liquidity,-0.7689504414152853,0.0076411677145746815,0.02029303527442572,-0.011971791588662684,0.017905456552761455,included
COF_000000000024005698,COF,2024-05-16,accounting_financial_reporting,controls_accounting,15.41389563375347,-0.004565995986001603,-0.03377831177676538,-0.06733233830473451,0.01736968907164998,included
CTSH_000000000017034709,CTSH,2017-09-29,accounting_financial_reporting,controls_accounting,-1.4640651032912888,0.0005739540240092822,-0.0021195301021347257,-0.08094632919446931,0.009057018261075163,included
DASH_000000000020002224,DASH,2020-03-12,accounting_financial_reporting,controls_accounting,3.569538023360109,,-0.17785537468344237,-0.2906691648651498,,excluded_missing_required_field
DASH_000000000020007251,DASH,2020-08-10,accounting_financial_reporting,controls_accounting,10.464150566343623,,-0.17785537468344237,-0.2906691648651498,,excluded_missing_required_field
DASH_000000000022000022,DASH,2022-01-03,revenue_non_gaap,non_gaap,0.6709940290648138,-0.02617684000046172,-0.08009130729576408,-0.04253589356159582,0.028696476968723093,included
DRI_000000000018003836,DRI,2018-02-02,mda_liquidity,mda_liquidity,-0.9148596974561494,0.0038619481818888968,0.04285768326063932,0.016084985230547244,0.013250296760850476,included
EA_000000000019011278,EA,2019-07-18,revenue_non_gaap,revenue,2.594958022788802,-0.024044017352768732,-0.015644239230112378,0.06419405450350968,0.02994143300039703,included
EA_999999999721000527,EA,2021-03-29,routine_other,routine_disclosure,-1.2207092890002718,-0.017624892736339604,0.03196052561694207,-0.03837531221196744,0.018663003647822606,included
EBAY_000000000017028776,EBAY,2017-08-15,accounting_financial_reporting,tax_debt_equity,3.6070790702447244,-0.02149090913592111,-0.0019927896925631128,-0.0035769594614381006,0.01222228434331633,included
EBAY_000000000018030096,EBAY,2018-09-25,revenue_non_gaap,revenue,3.4322717641134393,-0.018526000516885577,-0.025240454227151043,0.012717123653043338,0.015962985608879317,included
EBAY_000000000021005831,EBAY,2021-05-06,mda_liquidity,mda_liquidity,0.2985239259036073,0.047624549546929185,0.05039389093717839,0.11970391215316512,0.022982220279493665,included
EBAY_000000000022010339,EBAY,2022-09-20,accounting_financial_reporting,controls_accounting,-1.2077285930212058,-0.01760602932387767,-0.04758668217605122,0.0660571572567864,0.02570911200459266,included
EBAY_000000000024010609,EBAY,2024-09-19,accounting_financial_reporting,controls_accounting,-1.100151611712272,-0.0026946297818746245,-0.008201437348944851,-0.03833922393191458,0.015271817748045376,included
EBAY_000000000025004920,EBAY,2025-05-08,accounting_financial_reporting,controls_accounting,-0.5227388165314504,0.02699806211965461,-0.06638166450391747,0.17038117793018814,0.020663658517141036,included
ESS_000000000017010663,ESS,2017-03-30,accounting_financial_reporting,controls_accounting,-1.3557681662075722,-0.01939264087738468,-0.0018786563503414566,0.09949851542206045,0.011339553619622163,included
ETN_000000000016063947,ETN,2016-02-05,routine_other,routine_disclosure,-2.6435170341072824,0.09300914622569967,0.05557735210084813,0.062150657516832464,0.0169599631183344,included
ETN_000000000017044426,ETN,2017-12-20,revenue_non_gaap,non_gaap,-0.07587971147277972,-0.005279091255538937,0.007248537662527865,0.04277569625465194,0.010158454007976945,included
ETN_000000000018038869,ETN,2018-12-20,routine_other,routine_disclosure,-1.0716999247212466,-0.001112257825606422,0.013173366699958167,0.06186331901883513,0.013249727696690456,included
ETN_000000000024003729,ETN,2024-04-08,mda_liquidity,mda_liquidity,0.33123650233443924,0.050224679443390485,-0.017450128391062747,-0.07790592141753594,0.016329694844615047,included
EXPE_000000000016095389,EXPE,2016-09-30,routine_other,routine_disclosure,-1.4162124738546469,0.08096485091234618,0.03185036341555103,-0.07012029643485473,0.01814623130124646,included
EXPE_000000000017016265,EXPE,2017-05-09,accounting_financial_reporting,controls_accounting,1.244000959533737,-0.0016575706690931113,-0.0010437746341224186,0.06874379667591768,0.011869145130797249,included
EXPE_000000000018024417,EXPE,2018-08-07,revenue_non_gaap,revenue,-1.4549044713251664,-0.018131056835796522,5.559327215542975e-05,-0.0033401920745161906,0.02222561918927,included
EXPE_000000000019008960,EXPE,2019-05-28,accounting_financial_reporting,controls_accounting,1.3145754350907906,0.0024017972040448754,0.012098695426196793,0.07719534737570566,0.015459305510136037,included
EXPE_000000000024003851,EXPE,2024-04-09,revenue_non_gaap,non_gaap,-1.351367839168207,0.013419054109911954,0.004861334400063866,-0.12686768540355187,0.03049442513794368,included
F_000000000017029248,F,2017-08-17,accounting_financial_reporting,controls_accounting,5.348002939921476,-0.008643442068309137,-0.013338015360326638,0.0707569461188795,0.011707320633124435,included
F_000000000022007496,F,2022-07-15,risk_legal_regulatory,risk_legal_regulatory,1.6010182913679616,0.025692861822841362,0.06131238232445335,0.055124060938775865,0.03311356970447319,included
FCX_000000000017017202,FCX,2017-05-16,routine_other,other,-1.7006406932283635,0.0010738205762302888,0.022994047257661188,0.18399383874995923,0.029403597743624603,included
FCX_000000000022004385,FCX,2022-04-25,mda_liquidity,mda_liquidity,0.37205881695046117,-0.13830800987081038,-0.04541860495013483,-0.26075312585326127,0.027888233614280784,included
FIX_000000000016065580,FIX,2016-02-19,routine_other,routine_disclosure,-2.6447071103389717,-0.025069751600735102,0.0827223737113626,0.08376259764989835,0.02500559071686952,included
FOX_000000000018034571,FOX,2018-11-06,accounting_financial_reporting,controls_accounting,3.7278807900292654,,0.001778328808100138,-0.18684461945884467,,excluded_missing_required_field
FOX_000000000019013787,FOX,2019-09-19,accounting_financial_reporting,controls_accounting,0.6796845405740293,-0.03632365689935135,-0.027424079851743777,0.06266580754005335,0.01571884890583182,included
FOX_000000000024002186,FOX,2024-02-27,business_structure,segments,2.120117606344815,-0.026311633039506677,-0.034714924831185656,0.08543382875511463,0.014456959566047867,included
GIS_000000000018018988,GIS,2018-06-20,accounting_financial_reporting,controls_accounting,-0.1838166706691049,0.018016188454643256,0.0485869733886658,0.025294556928906364,0.016216269050093643,included
GIS_000000000020001733,GIS,2020-02-26,accounting_financial_reporting,controls_accounting,-0.774790680004216,0.04402505750774666,-0.0016997338295980935,0.1856629958433338,0.010994402919135705,included
GIS_000000000021013208,GIS,2021-10-29,accounting_financial_reporting,tax_debt_equity,0.5428257739297723,-0.0035389037525036526,0.006187049748984763,0.15572883545983474,0.010906399220854615,included
GLW_000000000017010797,GLW,2017-03-31,routine_other,routine_disclosure,-0.7411085676295274,-0.00591796792864796,-0.02533818156389256,0.08454514374849931,0.010542881175467068,included
GLW_000000000022005699,GLW,2022-05-24,risk_legal_regulatory,risk_legal_regulatory,0.8383191196035502,-0.021495322579356713,0.018117110391905,0.023822653535432337,0.019702694941778533,included
GLW_000000000023012635,GLW,2023-11-17,accounting_financial_reporting,impairment_fair_value,1.3626488599640667,0.01105658665839293,-0.0296925901709697,0.010683352407256819,0.013868493236659007,included
HBAN_000000000016061412,HBAN,2016-01-14,accounting_financial_reporting,controls_accounting,2.61612930449253,-0.013461525307782662,-0.051565688612271066,-0.08397267132904751,0.015257683974522226,included
HBAN_000000000017040659,HBAN,2017-11-16,accounting_financial_reporting,impairment_fair_value,-1.0613492165234353,0.03450566827086465,-0.013106153697618361,0.13440523666657078,0.013597225496275017,included
HBAN_000000000021001444,HBAN,2021-02-04,routine_other,other,-0.6985101209340596,-0.002226764764091116,0.03205770539574904,0.020864763393823038,0.03171273480812916,included
HBAN_000000000025007733,HBAN,2025-07-23,routine_other,other,-1.7077811506184988,-0.02014684745562134,-0.02283307790368405,-0.1185069774187254,0.02270266427195657,included
HLT_000000000017008976,HLT,2017-03-17,mda_liquidity,mda_liquidity,1.737028739982943,0.009357701924354478,0.007833835616623097,0.11257610680107599,0.011017504736032463,included
HLT_000000000019014057,HLT,2019-09-30,routine_other,other,-1.7018307694600532,-0.006759487322646085,0.02228690292328872,0.10021836983935861,0.013277648880358242,included
HLT_000000000024006691,HLT,2024-06-11,revenue_non_gaap,non_gaap,1.5878228479223981,0.00926275570293622,0.023536970684631453,0.02828454981596884,0.010916547807347863,included
IFF_000000000016085841,IFF,2016-07-26,accounting_financial_reporting,controls_accounting,0.005649492666017886,0.011999957039857567,-0.00518886380707495,-0.02489901357724389,0.01820686990180789,included
IFF_000000000017013401,IFF,2017-04-19,revenue_non_gaap,non_gaap,-0.48989234017359257,0.012021497912164225,0.02602601166884122,-0.05371233287423849,0.012438580900851719,included
IFF_000000000018019487,IFF,2018-06-25,routine_other,other,-1.6970704645332964,0.0026441584099017312,0.009941596260082397,0.037658950056877916,0.015309321049113632,included
IFF_000000000020005058,IFF,2020-06-05,accounting_financial_reporting,controls_accounting,2.9690880674898024,0.017077669000686302,-0.0460498881859176,-0.1920260376872095,0.034086756925452245,included
IFF_000000000024009611,IFF,2024-08-22,business_structure,segments,-0.9799539123116636,0.005771925587282123,0.02459826342478888,-0.19486246711208488,0.01725820795609078,included
ISRG_000000000022002263,ISRG,2022-03-01,mda_liquidity,mda_liquidity,-1.1215729838826776,0.015365889270053668,0.042364642407559105,-0.165597765898005,0.016808994388209562,included
ITW_000000000021011797,ITW,2021-09-28,accounting_financial_reporting,controls_accounting,0.006955504288557179,-0.006721815939740083,-0.014942000084188889,0.03433186145752598,0.010178662306730197,included
ITW_000000000023012160,ITW,2023-11-07,mda_liquidity,mda_liquidity,-0.02340621470894,-0.001022302744862258,-0.016137137046269734,-0.017079147863582556,0.013516412048988742,included
KEYS_000000000016071042,KEYS,2016-04-05,accounting_financial_reporting,controls_accounting,0.2230790028502816,-0.003494036144680468,-0.02798138590243371,0.07546912871927824,0.017706735946005737,included
KEYS_000000000020001611,KEYS,2020-02-21,business_structure,segments,-1.3751693638019906,0.005011957563535341,0.038045205111187363,0.14075068526021284,0.0230888869507229,included
KIM_000000000017010670,KIM,2017-03-30,mda_liquidity,mda_liquidity,-1.1093122436783942,-0.036024204102635515,0.003128438845993342,-0.1847226782534781,0.012950500564351427,included
KIM_000000000021006862,KIM,2021-06-02,routine_other,other,-1.688739930911472,0.04789040715236437,0.03110152901913177,-0.07258980393873304,0.037467154144292095,included
KIM_000000000023011402,KIM,2023-10-18,business_structure,business_combinations,-0.8983090279308179,0.01721566416886644,-0.006875588941179234,0.08689548035822325,0.015239625379346713,included
KIM_000000000024009904,KIM,2024-08-30,business_structure,business_combinations,0.566895098417608,-0.011967208927697648,0.023686788288674765,0.044105664631245434,0.013894361321636281,included
KMI_000000000016082397,KMI,2016-06-28,mda_liquidity,mda_liquidity,2.3946889953351373,-0.019078131420129485,0.0076070243633048484,0.16618936570055987,0.04131130356796026,included
KMI_000000000021002753,KMI,2021-03-08,routine_other,routine_disclosure,-1.5199986861806807,0.0582760295126763,-0.01052894532866,0.06682682362477477,0.019999443653082934,included
KMI_000000000023003113,KMI,2023-03-28,accounting_financial_reporting,controls_accounting,3.4366961036591177,0.005387001836343552,0.00808594015862707,-0.12082691492952025,0.016615748894805587,included
LEN_000000000016068040,LEN,2016-03-11,accounting_financial_reporting,controls_accounting,14.264415307796563,-0.013323235687600188,0.008462407142302397,-0.027381160679904037,0.02106323973960914,included
LEN_000000000017044289,LEN,2017-12-19,business_structure,business_combinations,4.401348001774498,0.009796392850273006,0.038095097129017264,-0.0559435211442727,0.012773859767631901,included
LEN_000000000018014217,LEN,2018-05-08,routine_other,other,-1.7077811506184988,0.006092997590841809,-0.02803223554791956,-0.12036908954740377,0.016679526741404535,included
LEN_000000000019007876,LEN,2019-05-01,mda_liquidity,mda_liquidity,0.5053476100484526,0.0023866117580848556,-0.0024179695684261038,-0.12183682128816042,0.02256170333043857,included
LEN_000000000022001608,LEN,2022-02-09,revenue_non_gaap,revenue,-1.2874637005443819,-0.019316416090731314,0.003985394266836195,-0.07780859338044699,0.017719719087742225,included
LHX_000000000016094323,LHX,2016-09-23,mda_liquidity,mda_liquidity,0.012075531953903429,-0.003210981447906658,0.018876725028540098,0.09709860284482275,0.012379747594842751,included
LHX_000000000019001516,LHX,2019-02-08,accounting_financial_reporting,controls_accounting,-0.9360314894574806,0.007938192944659694,0.018879115761357812,0.039232808336910674,0.021245321840221442,included
LHX_000000000020000514,LHX,2020-01-21,business_structure,business_combinations,0.6178005765261914,0.017144079857948524,0.04631577053846925,0.07608260634615382,0.014775352275136835,included
LHX_000000000023014012,LHX,2023-12-22,accounting_financial_reporting,controls_accounting,2.29054254997291,-0.01238065632777996,0.0029418942934242853,-0.07224749450706547,0.01612584555754173,included
LULU_000000000017023016,LULU,2017-06-30,accounting_financial_reporting,tax_debt_equity,-0.5177342139593506,0.07230555194009436,0.045627489873646954,-0.03394733737460276,0.02988746471188656,included
LVS_000000000018025693,LVS,2018-08-20,accounting_financial_reporting,controls_accounting,0.1721262651754788,-0.01641435817510062,0.00020412643408795894,-0.17209075874986113,0.01702032025508804,included
LVS_999999999719006421,LVS,2019-08-09,routine_other,routine_disclosure,-1.1679859569185558,-0.01932372408149652,-0.026179911526353905,0.13394152002074444,0.018392362604902436,included
LVS_000000000021011216,LVS,2021-09-15,risk_legal_regulatory,risk_legal_regulatory,2.026455769107425,-0.10354627285073514,-0.09864456193910909,-0.017732370038887613,0.021001986931891814,included
LVS_000000000022005802,LVS,2022-05-26,risk_legal_regulatory,risk_legal_regulatory,6.32576968909175,-0.059701222706070145,0.08997274321809301,0.0747565989159833,0.03820648851473715,included
LVS_000000000023002902,LVS,2023-03-23,revenue_non_gaap,non_gaap,1.4551148281484325,-0.010176970725908951,-0.002271414265892391,-0.03034970620888422,0.02988194963252595,included
MAR_000000000016061961,MAR,2016-01-20,accounting_financial_reporting,controls_accounting,1.175604315837207,-0.02772252979584533,0.011769584793252297,0.020792390605269717,0.01745862084963448,included
MAR_000000000017014595,MAR,2017-04-27,revenue_non_gaap,non_gaap,-0.7256375766175678,0.024688271330556844,0.02595109978663368,0.03921102223866868,0.009957656974375959,included
MAR_000000000021003413,MAR,2021-03-22,accounting_financial_reporting,controls_accounting,0.8809175662990181,0.024636891483309498,-0.047889077671986136,-0.12112716361554632,0.026667317857404015,included
MAR_000000000023003820,MAR,2023-04-17,revenue_non_gaap,non_gaap,-1.3787395924970582,0.019198462164035424,0.052963316068932675,0.044076562442964096,0.019881196483829133,included
MDLZ_000000000016094772,MDLZ,2016-09-27,revenue_non_gaap,non_gaap,3.123438254870808,0.0024922170215840866,0.020170193342122,-0.00015816967127291193,0.014315882665420124,included
MDLZ_000000000019004694,MDLZ,2019-03-13,accounting_financial_reporting,impairment_fair_value,-0.7970421505189194,-0.013200413898064034,0.0011092997845761898,0.11185631023846043,0.010881489733119651,included
MDLZ_000000000022009590,MDLZ,2022-09-02,accounting_financial_reporting,controls_accounting,-1.2208194315697871,0.007305601836719577,-0.027559117420740464,0.07632014865696735,0.01447746788463464,included
MET_000000000016095584,MET,2016-10-03,accounting_financial_reporting,controls_accounting,-0.698735943745623,0.012209162260346185,0.07257359604498925,0.1670278005312854,0.022789198499192174,included
MET_000000000017042540,MET,2017-12-05,accounting_financial_reporting,controls_accounting,5.169485712346763,-0.004160276772396276,-0.0010649053269143893,-0.1586806679394145,0.011142631575304035,included
MET_000000000022010452,MET,2022-09-22,accounting_financial_reporting,controls_accounting,-1.2609220455598282,0.012875345644588143,-0.019216743607648912,0.09602358468806937,0.017740559163100134,included
META_000000000016073605,META,2016-04-25,accounting_financial_reporting,tax_debt_equity,4.432876294794975,-0.010731512939747612,0.03872936483921785,0.06088667249951185,0.023612390337627173,included
META_000000000021011466,META,2021-09-21,risk_legal_regulatory,risk_legal_regulatory,2.7542827522654583,-0.02138645706869402,-0.03733262923232494,-0.11673387975023675,0.018794814491426625,included
META_000000000022010750,META,2022-09-29,mda_liquidity,mda_liquidity,1.425972480412668,0.003196117208492666,0.004505371547278703,-0.14255037019727612,0.03739943675642972,included
META_000000000023006892,META,2023-06-28,routine_other,routine_disclosure,-2.726822370325526,0.009472811481918364,-0.0008468591464843023,0.06732172837091355,0.03308499781118168,included
MNST_000000000017011057,MNST,2017-04-03,accounting_financial_reporting,controls_accounting,0.017665935224957963,-0.019167192853273618,-0.007427643142258744,0.07348640892121949,0.015121566297206904,included
MNST_000000000018014626,MNST,2018-05-11,mda_liquidity,mda_liquidity,-0.9279505360047304,-0.07877888489445395,-0.030735208310092244,0.14851440922125392,0.018397567708208412,included
MNST_000000000020008892,MNST,2020-09-22,revenue_non_gaap,non_gaap,0.06894961090591045,-0.011764992222182524,0.0030789098183500174,0.013967925864082908,0.02971053465674959,included
MNST_000000000021011411,MNST,2021-09-21,risk_legal_regulatory,risk_legal_regulatory,0.17378646186407454,0.003297952444904828,-0.025904869635679062,-0.08466488377985071,0.013448936993880407,included
MNST_000000000023006157,MNST,2023-06-08,mda_liquidity,mda_liquidity,-1.2648522521422871,-0.040711531496035125,-0.022169718768283997,-0.07245536164746713,0.013892118395892683,included
MNST_000000000024005447,MNST,2024-05-13,business_structure,business_combinations,0.9719673802913291,0.007370239812208634,-0.036525654318232625,-0.20912308743380525,0.01276524938508535,included
MRSH_000000000016085137,MRSH,2016-07-20,routine_other,routine_disclosure,-0.6015096706345006,-0.009457092500522402,-0.004388609236383512,0.008476409288102227,0.010201081152697189,included
MRSH_000000000022010337,MRSH,2022-09-20,accounting_financial_reporting,controls_accounting,-1.177976687228976,0.001260403230231577,0.01435606345383944,0.06856580856355987,0.016987075918852425,included
MRSH_000000000023002612,MRSH,2023-03-16,mda_liquidity,mda_liquidity,-0.8434551235547979,-0.028531026500360435,-0.0014201510232597636,0.02815048033381551,0.015354933631402242,included
MS_000000000020012228,MS,2020-12-21,accounting_financial_reporting,controls_accounting,-1.1534554619692114,0.00048350294906140956,0.05801543914119989,0.15261603287852643,0.023822509762922536,included
MS_000000000024009288,MS,2024-08-14,accounting_financial_reporting,controls_accounting,0.47368567224975094,0.0005548454310146944,0.022474919716750197,0.18098142321168864,0.013692842079945394,included
MTB_000000000016098728,MTB,2016-10-27,mda_liquidity,mda_liquidity,-0.09218080082903712,0.011858686228502502,0.046745276801902325,0.21467451112284697,0.014492140772988433,included
MTB_000000000021004213,MTB,2021-04-07,routine_other,other,-1.7018307694600532,-0.015251336506687418,0.0067278942534713115,-0.09178153037669945,0.03538718540357676,included
MU_000000000017003380,MU,2017-01-31,accounting_financial_reporting,controls_accounting,0.5891230667236026,0.03501246162090388,0.024705116238172842,0.09461276037602517,0.02613279635710949,included
MU_000000000018019260,MU,2018-06-22,routine_other,routine_disclosure,-1.0273071262613553,0.025331622519567665,-0.09171047038229363,-0.265158678632163,0.03283111269017687,included
NCLH_000000000016066278,NCLH,2016-02-25,accounting_financial_reporting,controls_accounting,2.0208711586577053,0.1162474208329436,0.042111546974304304,-0.0741587849620009,0.02066519787300633,included
NCLH_000000000017009157,NCLH,2017-03-20,accounting_financial_reporting,impairment_fair_value,-1.135133942888165,0.0019559272627344138,0.008600583885227109,-0.0028965995820784407,0.022538216336317272,included
NCLH_000000000018026944,NCLH,2018-08-29,revenue_non_gaap,revenue,-0.8375047423963519,0.008928622677730091,-0.007530608437845809,0.03804759007957892,0.016139070496284092,included
NCLH_000000000020006459,NCLH,2020-07-15,routine_other,other,-1.6863597784480935,-0.0016514492233081768,-0.043239406404783076,-0.03258234655633452,0.09940362897545348,included
NOW_000000000019011955,NOW,2019-08-02,accounting_financial_reporting,tax_debt_equity,-1.042197854246893,-0.019897671558976038,-0.02909037275434123,-0.10707682407370678,0.024018100726447177,included
NOW_000000000022009615,NOW,2022-09-02,accounting_financial_reporting,controls_accounting,-1.1993980593993816,0.0034578627478702995,0.023897650476340626,-0.07234261964273914,0.03735598967930782,included
NOW_000000000023003372,NOW,2023-04-04,accounting_financial_reporting,controls_accounting,-1.6690944356717103,0.035529638027445465,0.016879072477270274,0.09245018275770966,0.03131680196105097,included
NOW_000000000023010177,NOW,2023-09-14,routine_other,routine_disclosure,-2.7303925990205937,-0.016381712996312414,-0.024459601411665366,0.1509736585627317,0.020179459689049904,included
NOW_000000000025004634,NOW,2025-05-01,business_structure,business_combinations,-0.9860146911884269,0.0033180408534108086,0.015620299517911107,-0.09009323539761738,0.022723958918129988,included
NRG_000000000016075770,NRG,2016-05-10,accounting_financial_reporting,impairment_fair_value,7.40003696277703,0.0649164900638951,0.00038477045724583103,-0.1627067899585417,0.04504398201313048,included
NRG_000000000018022533,NRG,2018-07-23,accounting_financial_reporting,controls_accounting,0.867826727750437,-0.00118120039838443,-0.03099246924930754,0.17634116677230782,0.016979291949064078,included
NRG_000000000019010303,NRG,2019-06-25,accounting_financial_reporting,impairment_fair_value,1.7684645998212791,0.004014899970164132,0.003329256404038916,0.07053194350570924,0.015857246921884435,included
NRG_000000000021010799,NRG,2021-09-03,mda_liquidity,mda_liquidity,-0.9780438803051918,0.018241857466635092,-0.008167564627832746,-0.22225533278386433,0.028657491902320704,included
NRG_000000000024010545,NRG,2024-09-18,mda_liquidity,mda_liquidity,-0.8664265498442838,0.011907197583714613,0.07241862039454106,0.0947514297326173,0.022750188970621532,included
OKE_000000000016063611,OKE,2016-02-03,accounting_financial_reporting,controls_accounting,-0.9522221810954209,-0.03683486748516329,0.03833302513153436,0.358427696724698,0.03167289747057826,included
OKE_000000000017012000,OKE,2017-04-07,business_structure,business_combinations,3.8988917895051176,0.01788772294962171,-0.007530564497762904,-0.11826932809837654,0.017488157761379814,included
OKE_000000000022009320,OKE,2022-08-29,risk_legal_regulatory,risk_legal_regulatory,0.571631901135656,0.01775796789251849,-0.0557662715295516,0.04311900329552565,0.02202385797747934,included
OKE_000000000023006899,OKE,2023-06-28,routine_other,other,-1.6970704645332964,0.023222114192178345,0.03492670254975749,0.11684724775962319,0.01669882624256048,included
OKE_000000000024013926,OKE,2024-12-17,routine_other,other,-1.70659107438681,-0.013131576670229017,-0.019487938711370223,0.04952398081527598,0.012909559696785481,included
OXY_000000000016081784,OXY,2016-06-23,mda_liquidity,mda_liquidity,-0.7070664773674473,0.02084758355227123,-0.016451300196353547,-0.10607015365221018,0.020440121061882248,included
OXY_000000000017021746,OXY,2017-06-21,accounting_financial_reporting,controls_accounting,2.8600949319888143,0.02203155367259657,-0.02717979432642159,0.008254115343470647,0.01323030681782023,included
OXY_000000000019010556,OXY,2019-07-02,business_structure,business_combinations,9.446757116461546,-0.030349601278818583,-0.03243936430885852,-0.05030767209010323,0.01752909804692425,included
OXY_000000000020005467,OXY,2020-06-18,mda_liquidity,mda_liquidity,-0.9350909933948657,0.00878524123799762,-0.0238993660890654,-0.7034417072684168,0.07326045973276583,included
OXY_000000000024004826,OXY,2024-04-30,business_structure,segments,-0.9629328671806237,0.0041180823738656835,-0.05666350876603998,-0.16575733083642974,0.014939160815219642,included
PODD_000000000016082809,PODD,2016-06-30,accounting_financial_reporting,impairment_fair_value,3.750991909067112,0.023755806748450237,0.030930130434987713,0.35400532348487845,0.026285617177054015,included
PODD_000000000022004058,PODD,2022-04-14,accounting_financial_reporting,controls_accounting,-1.4751357672638827,0.0023539903645088955,0.06246589100394162,0.019310946172173327,0.03154356087133846,included
RCL_000000000016072737,RCL,2016-04-19,accounting_financial_reporting,tax_debt_equity,0.3267260327255585,-0.06689495526935108,-0.0979969931063629,-0.11181874212652498,0.026919732660116984,included
RCL_000000000017013501,RCL,2017-04-19,accounting_financial_reporting,controls_accounting,-1.0931212968916522,0.009498160466961614,0.004494619362503172,0.08086796983931688,0.01824826377255682,included
RCL_000000000019007772,RCL,2019-04-30,accounting_financial_reporting,controls_accounting,-1.3593383949026399,0.0008574838995344392,0.07843145016533404,-0.07848502587922934,0.021709128779372193,included
RCL_000000000021011331,RCL,2021-09-17,risk_legal_regulatory,risk_legal_regulatory,2.5237734788776796,-0.01676409712560545,0.04436307680861318,-0.17399598134636574,0.030794930527130365,included
RJF_000000000019005386,RJF,2019-03-21,mda_liquidity,mda_liquidity,-1.2065385167895166,-0.03190582080272797,-0.03768294717987186,0.02806646003659541,0.018102249930270656,included
RJF_000000000021015173,RJF,2021-12-20,routine_other,other,-1.7006406932283635,0.014243588107860528,-0.007080180557722193,0.14498801300056618,0.014743184522470391,included
RMD_000000000016102723,RMD,2016-11-29,revenue_non_gaap,revenue,1.3589682335506819,0.04369522293681649,0.017787949694067273,0.082675536738677,0.014285870838888833,included
RMD_000000000021002318,RMD,2021-02-26,accounting_financial_reporting,controls_accounting,-0.45728462378854484,-0.01319555327333044,-0.02814647721431862,-0.02145785936624467,0.019609136570415707,included
ROST_000000000025006364,ROST,2025-06-17,mda_liquidity,mda_liquidity,0.662297979883065,-0.0411642815841331,-0.0388187168501779,0.044559279579906685,0.016416899444899758,included
SBUX_000000000019008093,SBUX,2019-05-06,revenue_non_gaap,revenue,0.9176942492393348,0.004669953353801715,0.025652831094082895,0.18301825189080723,0.015787967969380527,included
SBUX_000000000020002630,SBUX,2020-03-26,business_structure,segments,-1.1402542257023132,0.05612784199984244,-0.043920287432529515,-0.08243794688146056,0.011461969068194964,included
SBUX_000000000021011675,SBUX,2021-09-24,risk_legal_regulatory,risk_legal_regulatory,1.6427811020465986,-0.00034559668464817506,-0.0002474836621964016,-0.07242362776347544,0.01261868953188972,included
SBUX_000000000024000582,SBUX,2024-01-17,business_structure,business_combinations,-1.8527261532392374,-0.0050714004742332675,-0.002185502812809492,-0.15114099759399413,0.013960559599985697,included
SO_000000000021010013,SO,2021-08-16,accounting_financial_reporting,controls_accounting,-0.13264339270646963,0.00773460201399212,0.03201113668153266,-0.09405397442328634,0.010945060485589124,included
SOLV_000000000023002523,SOLV,2023-03-15,accounting_financial_reporting,controls_accounting,14.654430470154246,,-0.17358963935526772,-0.4033681419328766,,excluded_missing_required_field
SOLV_000000000024000187,SOLV,2024-01-05,accounting_financial_reporting,controls_accounting,7.316922361518971,,-0.17358963935526772,-0.4033681419328766,,excluded_missing_required_field
SOLV_999999999724000415,SOLV,2024-02-27,routine_other,routine_disclosure,-2.255802017894482,,-0.17358963935526772,-0.4033681419328766,,excluded_missing_required_field
SOLV_000000000024002348,SOLV,2024-03-01,accounting_financial_reporting,controls_accounting,0.5549705787432054,,-0.17358963935526772,-0.4033681419328766,,excluded_missing_required_field
SOLV_000000000024012887,SOLV,2024-11-20,routine_other,other,-1.703020845691742,-0.007507521822767482,0.04946384700966788,0.05149495018880612,0.021027715969653943,included
STE_000000000021002841,STE,2021-03-09,routine_other,other,-1.6958803883016071,0.005687879463337375,0.012341610212629583,-0.018024814488053598,0.015557223411877819,included
STE_000000000024003167,STE,2024-03-22,mda_liquidity,mda_liquidity,1.3033890908761483,-0.030394950127029974,-0.03775147843111126,-0.09846463329034871,0.013295281743067083,included
TAP_000000000016060314,TAP,2016-01-05,mda_liquidity,mda_liquidity,3.271843343617099,0.003468591056990711,0.008982792967621389,0.01907178017473954,0.02165921658076217,included
TAP_000000000018010207,TAP,2018-04-04,business_structure,business_combinations,-1.4212223589504778,-0.02728164011707801,-0.012720349694224531,-0.09786917850261623,0.012619610611255789,included
TAP_000000000019008459,TAP,2019-05-14,revenue_non_gaap,non_gaap,-1.5557009731313565,0.0009467149262952779,0.007918967621123318,-0.12993460212510188,0.019364309949705255,included
TAP_000000000023002985,TAP,2023-03-24,mda_liquidity,mda_liquidity,-1.0756301313037056,-0.024477063949556288,0.015435501212728187,0.18479999898470612,0.01600254711610774,included
TFC_000000000016105326,TFC,2016-12-17,accounting_financial_reporting,impairment_fair_value,-1.502147542705343,-0.0038884262275535875,0.008060803899384794,-0.04572458834387161,0.013333398621064581,included
TFC_000000000019006560,TFC,2019-04-04,business_structure,business_combinations,3.8394981204901732,0.02623744815041873,-0.016849817559280278,-0.0006173612044653165,0.013662151898923471,included
TFC_000000000020006213,TFC,2020-07-09,routine_other,other,-1.7054009981551204,-0.04267732392500945,-0.017434470789784218,0.1346894494033296,0.0505365126480731,included
TFC_000000000022000223,TFC,2022-01-07,routine_other,other,-1.6994506169966748,0.07931271712851296,0.06805789201909951,-0.11426459415543833,0.016783974506761355,included
TFC_000000000024004217,TFC,2024-04-17,mda_liquidity,mda_liquidity,-0.9252104056539607,-0.016840611366060854,0.04716208329374383,0.050284069549594634,0.02005759159601571,included
TPL_000000000020005339,TPL,2020-06-16,accounting_financial_reporting,controls_accounting,1.3819338670188333,0.015867955303923598,-0.0229457925732357,-0.33950016136843286,0.05443360174524844,included
TPL_000000000025010229,TPL,2025-09-19,revenue_non_gaap,non_gaap,-0.11739847965487546,-0.012829902689757922,0.020830734062500467,-0.045717776190711046,0.03370559843137842,included
TPR_000000000020000940,TPR,2020-01-31,accounting_financial_reporting,controls_accounting,-1.31959575879999,0.0023510445976704375,0.04233983422818677,-0.1680860662980609,0.031177377833256345,included
TYL_000000000018028949,TYL,2018-09-17,revenue_non_gaap,revenue,-0.908549338410312,-0.008912826817802144,-0.03238656521857941,-0.1604301441055147,0.012425197052254797,included
TYL_000000000023009644,TYL,2023-08-31,accounting_financial_reporting,impairment_fair_value,1.7695152384534096,0.024868493660507696,0.004309266547231405,0.026286662811875527,0.0167598571578291,included
TYL_000000000025003720,TYL,2025-04-07,business_structure,segments,-0.9518622032080296,0.020804343203078224,-0.0013970365046961364,-0.11921464433417162,0.01409640385204299,included
VRSK_000000000019010409,VRSK,2019-06-27,accounting_financial_reporting,controls_accounting,-1.0370775714327447,-0.004694344225525504,0.010007462944571333,0.059121180952463104,0.011819020347250691,included
VRTX_000000000016076290,VRTX,2016-05-13,accounting_financial_reporting,impairment_fair_value,5.549729843460882,-0.07126253971507202,-0.015145992357180282,0.17720615189689337,0.02859570903472137,included
VRTX_999999999720000600,VRTX,2020-02-07,business_structure,business_combinations,-1.0799203157735557,0.00731844729652853,-0.007115613349109817,0.2756117235987321,0.016029363383249028,included
VRTX_000000000022010341,VRTX,2022-09-20,accounting_financial_reporting,controls_accounting,-1.2680625029499635,0.012408954070395217,0.02515907155052932,0.051183968800235236,0.019971645453472447,included
VRTX_000000000025003690,VRTX,2025-04-07,accounting_financial_reporting,controls_accounting,-1.1164527010685295,0.08059172695265737,-0.002453298394573311,-0.24709260104281583,0.019980221318432575,included
VST_000000000017002173,VST,2017-01-20,accounting_financial_reporting,controls_accounting,7.290079829004718,0.03123266030448868,-0.030086708817856023,-0.08747839771974764,0.020216077395566343,included
VST_000000000017045125,VST,2017-12-27,routine_other,other,-1.6911200833748503,-0.023861592030244294,0.019830108891759846,0.1569821495568342,0.01466744875006088,included
VST_000000000018023647,VST,2018-07-31,routine_other,other,-1.7006406932283635,0.0081939061181997,0.004501369657663679,0.03726685887607806,0.01581956988326396,included
VST_000000000020004451,VST,2020-05-19,revenue_non_gaap,non_gaap,-1.30257471366895,0.06813511962982866,0.03570593674522182,-0.15146122390963934,0.035911606236836834,included
VST_999999999721001049,VST,2021-03-19,routine_other,routine_disclosure,-1.2326100513171636,-0.07967675990415068,-0.004670254086273529,-0.009286790225782937,0.021442091721412464,included
VTR_000000000016073108,VTR,2016-04-21,mda_liquidity,mda_liquidity,0.5080877403992223,-0.023372942593985258,-0.021396608861443234,0.16780238598137398,0.01776629985380788,included
VTR_000000000017010655,VTR,2017-03-30,accounting_financial_reporting,controls_accounting,-0.15334506425089423,0.005786814219481795,-0.008311283773712375,0.08846765000885037,0.01567983406357982,included
VTR_000000000018007350,VTR,2018-03-08,accounting_financial_reporting,controls_accounting,-0.13109333858738914,0.013484625868961708,-0.015699443468016216,0.09765875594070172,0.009844414931833292,included
VTR_000000000021006675,VTR,2021-05-27,revenue_non_gaap,non_gaap,2.0869111520995656,0.017197020886715597,0.046745267079389086,-0.07241946073242089,0.026012224170656552,included
VTR_000000000022002848,VTR,2022-03-15,business_structure,business_combinations,-2.3689694024744705,0.024790920158499374,-0.04385345820310094,-0.023983290096685983,0.01590476578555835,included
WM_000000000016086446,WM,2016-07-29,accounting_financial_reporting,impairment_fair_value,-0.9217503195284085,-0.013247604807939184,-0.0026463648812239393,-0.042664060265730885,0.009026405654716239,included
WM_000000000018020863,WM,2018-07-09,mda_liquidity,mda_liquidity,-1.273652906221018,-0.007803777987661409,0.0008227874246441447,0.04265626070029516,0.010555857087481595,included
WM_000000000022003136,WM,2022-03-22,accounting_financial_reporting,controls_accounting,-0.36243850314080084,-0.013288108471316673,-0.014432505971071041,0.12153735610883787,0.010778040629704498,included
WM_000000000025005259,WM,2025-05-16,routine_other,other,-1.7054009981551204,-0.0015564359456391452,0.05931420098152429,-0.07962474249431573,0.011486392112159531,included
WMT_000000000016083666,WMT,2016-07-08,accounting_financial_reporting,tax_debt_equity,-0.7277678937630703,0.011716604829998922,-0.02754424211365225,-0.036579443564587755,0.015291517513281023,included
WMT_000000000017017799,WMT,2017-05-22,accounting_financial_reporting,tax_debt_equity,0.8902123533409682,0.05542248515057768,-0.010884947887829788,0.003894416254132893,0.009021729849565363,included
WMT_000000000018022033,WMT,2018-07-18,accounting_financial_reporting,controls_accounting,-0.8113230652991896,0.015291535164716152,-0.0031602616806999384,0.10266478750042807,0.015917001656912157,included
WRB_000000000017014278,WRB,2017-04-25,accounting_financial_reporting,controls_accounting,-0.9887545663903945,-0.009160258017864797,-0.015116847406823175,-0.0016824958459223938,0.008238926236173129,included
WY_000000000016068574,WY,2016-03-16,accounting_financial_reporting,impairment_fair_value,1.7545436629284001,0.031428018244434974,0.0245446923810001,0.011410594783474837,0.017327324664949226,included
WYNN_000000000018013115,WYNN,2018-04-27,business_structure,business_combinations,-0.6863653161206265,-0.04586685423243042,0.04558985902836232,-0.16888819596688687,0.02387139451780417,included
XYL_000000000017043097,XYL,2017-12-11,accounting_financial_reporting,controls_accounting,-1.2815133193859358,-0.0036269469614852445,-0.030737296346613152,0.11930230780140649,0.009529474744879347,included
XYL_000000000020002659,XYL,2020-03-26,accounting_financial_reporting,controls_accounting,-1.170006131494543,-0.009638740585604988,-0.008524653369081592,-0.1941811815417458,0.01580965929183185,included
XYL_000000000022008046,XYL,2022-08-01,accounting_financial_reporting,controls_accounting,6.439023458883743,0.028422688640112215,0.06383321964982724,0.14472487309405235,0.02368815005269314,included
XYL_000000000024008323,XYL,2024-07-23,revenue_non_gaap,non_gaap,1.0091962191523767,0.006580027585300963,0.03292175079773885,-0.0698848497295711,0.011571773997986813,included
XYZ_000000000018025443,XYZ,2018-08-16,accounting_financial_reporting,controls_accounting,-0.1076517918409966,0.029412631202394568,-0.004742533912242219,0.07573359970328064,0.030493486449079114,included
XYZ_000000000023006942,XYZ,2023-06-29,risk_legal_regulatory,risk_legal_regulatory,-1.4477640139350314,0.02340276050364387,0.06150365663202184,-0.30577410406221284,0.03611421010947115,included
ZBH_000000000018013314,ZBH,2018-04-30,accounting_financial_reporting,controls_accounting,-0.672914244535852,0.05352585188684622,0.015146217533122064,-0.05448055697201082,0.014447209099553607,included
